﻿Place,longitude,latitude,Status,Population as of 2021,Regulatory body
Mexico,-101.5539973,23.87436068,Unofficial Language,"130,207,371",Academia Mexicana de la Lengua
Colombia,-72.64450662,4.187753877,Official Language,"50,355,650",Academia Colombiana de la Lengua
Spain,-3.651625141,40.36500834,Official Language,"47,260,584",Real Academia Española
Argentina,-64.53238504,-35.69727052,Unofficial Language,"45,864,941",Academia Argentina de Letras
Peru,-74.11416197,-8.522717984,Official Language,"32,201,224",Peruvian Academy of Language
Venezuela,-66.36492136,7.148324761,Official Language,"29,069,153",Academia Venezolana de la Lengua
Chile,-70.76863432,-37.82938283,Unofficial Language,"18,307,925",Academia Chilena de la Lengua
Guatemala,-90.31219349,15.82087852,Official Language,"17,422,821",Academia Guatemalteca de la Lengua
Ecuador,-78.46303261,-1.564272139,Official Language,"17,093,159",Academia Ecuatoriana de la Lengua
Bolivia,-64.45209598,-16.73124884,Official Language,"11,758,869",Academia Boliviana de la Lengua
Cuba,-79.69817858,21.47617652,Official Language,"11,032,343",Academia Cubana de la Lengua
Dominican Republic,-70.43495199,18.77954819,Official Language,"10,597,348",Academia Dominicana de la Lengua
Honduras,-86.49251679,14.7403707,Official Language,"9,346,277",Academia Hondureña de la Lengua
Paraguay,-58.38906357,-23.42190559,Official Language,"7,272,639",Academia Paraguaya de la Lengua Española
El Salvador,-88.85911489,13.75804152,Official Language,"6,528,135",Academia Salvadoreña de la Lengua
Nicaragua,-85.01608833,12.89356663,Unofficial Language,"6,243,931",Academia Nicaragüense de la Lengua
Costa Rica,-84.14673626,9.863467407,Official Language,"5,151,140",Academia Costarricense de la Lengua
Panama,-80.14428761,8.43953675,Official Language,"3,928,646",Academia Panameña de la Lengua
Uruguay,-56.01919523,-32.78195044,Unofficial Language,"3,398,239",Academia Nacional de Letras
Equatorial Guinea,10.42545667,1.595464394,Official Language,"1,468,777",Academia Ecuatoguineana de la Lengua Española
Puerto Rico,-66.4942534,18.21622409,Official Language,"3,142,779",Academia Puertorriqueña de la Lengua Española
Andorra,1.580224361,42.54859835,Significant Language,"85,458",N/A
Belize,-88.6827351,17.24252477,Significant Language,"340,844",N/A
Gibraltar,-5.345549485,36.14022671,Significant Language,"29,185",N/A
United States,-96.33161661,38.82080892,Significant Language,"318,892,103",N/A
,,,,,
,,,,,
,,,,,
,,,,,
,,,,,
